Ticker,Name,Price,Dividend Yield,Market Cap ($M),Forward P/E Ratio,Payout Ratio,Beta
A,"Agilent Technologies, Inc.",85.535,0.007709484,26393.47147,25.16,0.192997941,1.23149546
AAL,"American Airlines Group, Inc.",30.57,0.013404826,13071.65072,8.01,0.104865772,1.698437857
AAP,"Advance Auto Parts, Inc.",134.17,0.001816668,9149.859334,21.59,0.03861563,0.854175236
AAPL,"Apple, Inc.",325.375,0.009511592,1398447.163,25.51,0.238339775,1.452020401
ABBV,"AbbVie, Inc.",97.12,0.045729167,141966.72,N/A,N/A,0.901199736
ABC,AmerisourceBergen Corp.,95.74,0.016918685,19471.20644,30.7,0.51306718,0.929186946
ABMD,"ABIOMED, Inc.",168.1,N/A,7922.97666,30.97,N/A,1.107100306
ABT,Abbott Laboratories,88.97,0.014803185,157599.058,N/A,N/A,0.973020008
ACN,Accenture Plc,212.075,0.013764495,139364.5244,27.8,0.382765084,0.94546625
ADBE,"Adobe, Inc.",373.31,N/A,180107.4573,61.47,N/A,1.287064985
ADI,"Analog Devices, Inc.",118.43,0.017967146,43123.34352,32.17,0.570466152,1.622102701
ADM,Archer-Daniels-Midland Co.,45.645,0.030355594,25674.35832,N/A,N/A,0.937110932
ADP,"Automatic Data Processing, Inc.",178,0.018430072,76839.25938,31.25,0.575832587,1.000911327
ADS,Alliance Data Systems Corp.,104.485,0.024303211,4775.567378,-23.7,-0.571493367,1.233756793
ADSK,"Autodesk, Inc.",207.16,N/A,45282.7914,308.46,N/A,1.370946351
AEE,Ameren Corp.,84.635,0.022546576,20732.9481,25.9,0.581502112,0.196867094
AEP,"American Electric Power Co., Inc.",102.05,0.026217961,50491.77344,23.63,0.620686461,0.0887021
AES,The AES Corp.,21.005,0.026262626,13802.33547,27.43,0.7128868,0.645459172
AFL,"Aflac, Inc.",52.49,0.020400453,38476.42142,11.81,0.242893127,0.763082906
AGN,Allergan Plc,201.595,0.014727101,65980.39423,-12.61,-0.185187502,0.514985856
AIG,"American International Group, Inc.",54.475,0.023499174,47386.28544,26.59,0.624725462,1.066843654
AIV,Apartment Investment & Management Co.,54.05,0.029044229,8035.54437,16.92,0.492255031,0.420023069
AIZ,"Assurant, Inc.",137.175,0.017190746,8465.39196,32.92,0.575912461,0.801610805
AJG,Arthur J. Gallagher & Co.,106.79,0.016014898,20201.94,29.64,0.477432965,0.769976942
AKAM,"Akamai Technologies, Inc.",97.805,N/A,15573.48837,35.07,N/A,1.058605675
ALB,Albemarle Corp.,86.895,0.016969661,8982.05543,16.08,0.266065744,1.686943988
ALGN,"Align Technology, Inc.",274.49,N/A,20842.88598,49.25,N/A,1.555129481
ALK,"Alaska Air Group, Inc.",65.7,0.021688613,7939.65,10.53,0.224456095,0.956678942
ALL,The Allstate Corp.,123.49,0.01598721,39906.9,8.64,0.139903187,0.782132871
ALLE,Allegion Plc,138.43,0.007397201,12812.32513,28.7,0.211451553,0.905400911
ALXN,"Alexion Pharmaceuticals, Inc.",104.82,N/A,22684.74646,9.72,N/A,1.500471825
AMAT,"Applied Materials, Inc.",65.305,0.0128782,59204.22115,22.57,0.286869664,1.714889591
AMCR,Amcor Plc,10.445,0.02142206,17772.9358,18.26,0.410839161,-0.051667919
AMD,"Advanced Micro Devices, Inc.",53.925,N/A,62927.708,176.17,N/A,2.297655582
AME,"AMETEK, Inc.",101.63,0.005591613,22893.58895,26.88,0.148097215,1.107972563
AMG,"Affiliated Managers Group, Inc.",83.73,0.015419829,4090.085322,201.66,3.082851638,1.577683402
AMGN,"Amgen, Inc.",227.04,0.025331936,136044.3686,17.53,0.447886824,0.772633794
AMP,"Ameriprise Financial, Inc.",178.685,0.02144908,22505.01048,12.64,0.269427414,1.633951164
AMT,American Tower Corp.,256.26,0.014197507,112626.3538,70.67,0.995559968,0.201593573
AMZN,"Amazon.com, Inc.",2163.83,N/A,1070689.748,92.17,N/A,1.063719388
ANET,"Arista Networks, Inc.",233.84,N/A,17686.3685,23.14,N/A,1.277706541
ANSS,"ANSYS, Inc.",291.23,N/A,24672.23298,55.65,N/A,1.375622419
ANTM,"Anthem, Inc.",294.23,0.011432246,70975.09924,N/A,N/A,0.895164156
AON,Aon Plc,231.56,0.007438803,54137.15714,36.17,0.268687026,0.912107174
AOS,A. O. Smith Corp.,44.19,0.020449898,6031.96659,N/A,N/A,1.10509137
APA,Apache Corp.,28.565,0.035498758,10592.93412,-11.29,-0.395131974,1.691155459
APD,"Air Products & Chemicals, Inc.",253.96,0.01838279,55701.33398,29.69,0.542499708,0.85164844
APH,Amphenol Corp.,103.515,0.009354902,30426.00904,26.63,0.24695169,1.242861958
APTV,Aptiv Plc,91.57,0.009693765,23175.04464,23.76,0.228298656,1.616185962
ARE,"Alexandria Real Estate Equities, Inc.",173.605,0.023303233,21061.455,55.96,1.289324394,0.560656962
ARNC,"Arconic, Inc.",32.695,0.003747658,13862.77082,31.13,0.11426395,0.980319755
ATO,Atmos Energy Corp.,118.09,0.018012735,14593.66976,26.42,0.480941303,0.219247687
ATVI,"Activision Blizzard, Inc.",62.935,0.00604674,47009.8294,32.03,0.188333503,1.316813371
AVB,"AvalonBay Communities, Inc.",224.63,0.027279253,31127.86656,39.82,1.077708452,0.369092556
AVGO,"Broadcom, Inc.",324.01,0.033108446,127357.0867,47.85,1.565268754,1.471289531
AVY,Avery Dennison Corp.,139.13,0.016422032,11491.68286,N/A,N/A,1.07720067
AWK,"American Water Works Co., Inc.",135.9,0.014445101,24466.22384,38.76,0.557615516,0.07143504
AXP,American Express Co.,133.395,0.012365227,107430.3,16.66,0.204815666,1.093140343
AZO,"AutoZone, Inc.",1062.36,N/A,24801.43346,16.12,N/A,0.781285788
BA,The Boeing Co.,348.425,0.02386621,193960.8118,-303.22,-7.153424419,0.80865572
BAC,Bank of America Corp.,34.855,0.018981881,307232.9355,12.59,0.238456536,1.345184359
BAX,"Baxter International, Inc.",91.32,0.00860098,46894.5686,30.16,0.260889667,0.868113883
BBT,BB&T Corp.,54.24,0.030696903,41564.27472,13.48,0.41372627,0.909406867
BBY,"Best Buy Co., Inc.",90.92,0.021693181,23261.46453,15.88,0.34049835,1.342229671
BDX,"Becton, Dickinson & Co.",251.3,0.012090012,69531.46893,91.21,1.125104344,0.989553197
BEN,"Franklin Resources, Inc.",24.695,0.041732909,12501.95368,9.81,0.417295922,1.486527831
BF.B,Brown-Forman Corp.,70.73,0.009438522,33616.4661,39.54,0.371177819,0.757886887
BHGE,"Baker Hughes, a GE Co.",21.77,0.033073036,22348.38284,62.2,2.057142857,1.027432436
BIIB,"Biogen, Inc.",331.93,N/A,57839.72656,10.53,N/A,0.757308389
BK,The Bank of New York Mellon Corp.,46.65,0.025420078,41809.70486,10.25,0.259249495,0.949026671
BKNG,"Booking Holdings, Inc.",1960.125,N/A,79915.08801,19.67,N/A,1.129155385
BLK,"BlackRock, Inc.",572.46,0.023140032,88531.71756,19.94,0.459890253,1.361896903
BLL,Ball Corp.,76.575,0.007083977,25398.3732,44.83,0.321976349,0.520149095
BMY,Bristol-Myers Squibb Co.,66.86,0.02507837,157036.6182,30.39,0.763532246,0.721780355
BR,"Broadridge Financial Solutions, Inc.",123.2,0.017110425,13754.54743,33.72,0.561044364,0.990740493
BRK.B,"Berkshire Hathaway, Inc.",227.42,N/A,314491.732,20.7,N/A,0.855646433
BSX,Boston Scientific Corp.,42.34,N/A,59334.9174,12.54,N/A,1.063497996
BWA,"BorgWarner, Inc.",34.36,0.019935503,7040.6451,9.37,0.185518634,1.464710082
BXP,"Boston Properties, Inc.",145.215,0.02655665,22323.8138,44,1.160430238,0.593245515
C,"Citigroup, Inc.",79.475,0.024276141,172668.4971,9.85,0.23786516,1.548876432
CAG,"Conagra Brands, Inc.",32.62,0.025914634,15967.4992,19.78,0.515338911,0.829951378
CAH,"Cardinal Health, Inc.",60.32,0.032311059,17334.88744,-4.24,-0.134891467,1.017872927
CAT,"Caterpillar, Inc.",139.38,0.027755342,75266.49302,12.88,0.349323993,1.359787308
CB,Chubb Ltd.,164.015,0.018155233,74388.57628,16.77,0.304734635,0.690868206
CBOE,"Cboe Global Markets, Inc.",123.25,0.010866921,13659.91187,36.73,0.39930866,0.270217039
CBRE,"CBRE Group, Inc.",63.57,N/A,21116.15616,20.66,N/A,1.199436012
CBS,"ViacomCBS, Inc.",,0.017660044,15277.66056,5.25,0.092629521,0.992467447
CCI,Crown Castle International Corp.,162.95,0.027945103,66951.12104,81.68,2.255752168,0.283114964
CCL,Carnival Corp.,43.92,0.046565774,22628.25045,10.13,0.461084471,1.071977087
CDNS,"Cadence Design Systems, Inc.",76.85,N/A,21243.69603,49.1,N/A,1.576616066
CDW,CDW Corp.,136.68,0.009303523,19536.30557,26.91,0.249079489,1.252536996
CE,Celanese Corp.,111.43,0.022095378,12986.17272,16.36,0.352355644,1.368959811
CELG,Celgene Corporation,108.13,N/A,77040,13.3,N/A,N/A
CERN,Cerner Corp.,76.71,0.006730649,25200.00231,46.1,0.324538734,0.86331064
CF,"CF Industries Holdings, Inc.",41.625,0.028456249,9169.10744,18.98,0.547070891,1.14119449
CFG,"Citizens Financial Group, Inc. (Rhode Island)",38.835,0.034871795,16891.719,10.16,0.355871886,1.33828672
CHD,"Church & Dwight Co., Inc.",75.87,0.012169029,18351.16156,30.32,0.363694497,0.158940968
CHRW,"C.H. Robinson Worldwide, Inc.",73.35,0.027640264,9835.38,17.41,0.477128682,0.681608179
CHTR,"Charter Communications, Inc.",534.01,N/A,111484.658,69.63,N/A,0.527433411
CI,Cigna Corp.,221.25,0.000185891,80161.22058,N/A,N/A,1.030842199
CINF,Cincinnati Financial Corp.,114.135,0.01949182,18774.94008,9.32,0.182955715,0.739699515
CL,Colgate-Palmolive Co.,75.935,0.022467481,65229.61884,27.58,0.621072894,0.463584058
CLX,The Clorox Co.,164.16,0.025127458,20611.476,25.46,0.642139223,0.343316022
CMA,"Comerica, Inc.",62.74,0.043066045,8842.883,7.91,0.337974173,1.341785315
CMCSA,Comcast Corp.,45.94,0.018754186,203930.4097,15.99,0.29244856,0.935362247
CME,"CME Group, Inc.",206.765,0.013938105,75847.7406,36.21,0.516637478,0.330085764
CMG,"Chipotle Mexican Grill, Inc.",899.5,N/A,24734.346,71.26,N/A,0.715790556
CMI,"Cummins, Inc.",167.775,0.029835666,24760.01,11.59,0.338631795,1.365636533
CMS,CMS Energy Corp.,67.405,0.022710405,19122.43554,28.07,0.637075283,0.078395446
CNC,Centene Corp.,65.91,N/A,37200.46013,20.62,N/A,1.148755079
CNP,"CenterPoint Energy, Inc.",27.165,0.042175361,13575.60126,21.43,0.899479249,0.401129855
COF,Capital One Financial Corp.,102.78,0.015625,46755.84,9.27,0.144254609,1.369728714
COG,Cabot Oil & Gas Corp.,14.905,0.021680217,6020.973,7.82,0.167794033,0.788888757
COO,"The Cooper Cos., Inc.",353.67,0.00017075,17276.79213,37.48,0.006357751,0.757116025
COP,ConocoPhillips,59.905,0.022738886,64420.7217,9.32,0.207756233,0.98584815
COST,Costco Wholesale Corp.,314.48,0.00811124,137245.3754,37.06,0.296994697,0.665638117
COTY,"Coty, Inc.",11.815,0.041841004,9056.8094,-3.19,-0.135189942,0.879758577
CPB,Campbell Soup Co.,48.295,0.028729735,14699.64815,54.65,1.584248048,0.335000673
CPRI,Capri Holdings Ltd.,30.87,N/A,4527.25315,13.42,N/A,1.868662445
CPRT,"Copart, Inc.",102.67,N/A,23782.36874,33.91,N/A,0.768619763
CRM,"salesforce.com, inc.",189.745,N/A,167740.57,195.27,N/A,1.114465885
CSCO,"Cisco Systems, Inc.",49.74,0.028088744,208422.2338,19.58,0.543307087,1.319450471
CSX,CSX Corp.,79.42,0.012226184,61060.05724,N/A,N/A,1.079051548
CTAS,Cintas Corp.,297.33,0.006984906,30449.88099,33.76,0.232782604,0.949716815
CTL,"CenturyLink, Inc.",15.26,0.086403215,16277.1339,-2.06,-0.17432668,1.014389158
CTSH,Cognizant Technology Solutions Corp.,69.54,0.011560694,37921.6,21.11,0.242799478,0.896604538
CTVA,"Corteva, Inc.",30.94,0.008521796,22833.71451,-22.34,-0.187739187,-0.050413369
CTXS,"Citrix Systems, Inc.",122.04,0.011511265,15837.3564,23.38,0.268245483,0.598732491
CVS,CVS Health Corp.,73.68,0.027081923,96075.896,21.77,0.590824496,0.92814404
CVX,Chevron Corp.,112.215,0.042801906,210283.6527,73.67,3.125,0.828199579
CXO,"Concho Resources, Inc.",79.16,0.004797237,15714.43693,12.44,0.058954848,1.568172984
D,"Dominion Energy, Inc.",86.08,0.042096926,70143.98546,62.83,2.618613139,0.232639026
DAL,"Delta Air Lines, Inc.",59.415,0.025656325,37937.94438,8.09,0.204870612,1.093040979
DD,"DuPont de Nemours, Inc.",53.71,0.040994496,39033.12083,80.85,3.251542978,1.291888746
DE,Deere & Co.,171.2,0.017855045,53599.21008,16.67,0.296097167,1.300589651
DFS,Discover Financial Services,75.73,0.022178218,23482.5,8.33,0.184848985,1.414761471
DG,Dollar General Corp.,158.45,0.00801539,39704.87,24.68,0.19470405,0.662582982
DGX,"Quest Diagnostics, Inc.",111.36,0.018869604,15133.20795,17.52,0.333527367,0.637519816
DHI,"D.R. Horton, Inc.",61.45,0.010103459,22663.27704,12.93,0.131462707,0.425242407
DHR,Danaher Corp.,164.46,0.004154448,113839.44,40.06,0.165639539,0.943041405
DIS,The Walt Disney Co.,141.83,0.012481384,254585.0944,22.54,0.279733617,0.837771865
DISCA,"Discovery, Inc.",30.335,N/A,15869.79636,9.73,N/A,0.970286513
DISCK,"Discovery, Inc.",28.87,N/A,15050.3034,9.26,N/A,0.971525431
DISH,DISH Network Corp.,40.9,N/A,20643.94229,14.31,N/A,1.10194519
DLR,"Digital Realty Trust, Inc.",127.305,0.033859146,26181.84024,127.14,4.244482173,0.457138742
DLTR,"Dollar Tree, Inc.",89.54,N/A,20871.22178,-13.31,N/A,0.614177918
DOV,Dover Corp.,119.89,0.016303891,17285.20134,25.68,0.415595544,1.200806981
DOW,"Dow, Inc.",49.225,0.043041607,36186.51841,-26.28,-1.121255807,-0.136055553
DRE,Duke Realty Corp.,37.905,0.023391813,13946.18544,32.19,0.747282609,0.540171335
DRI,"Darden Restaurants, Inc.",122.43,0.02667103,14852.1673,24.04,0.640043978,0.622746292
DTE,DTE Energy Co.,133.695,0.028708402,25745.9121,21.12,0.607819905,0.236181527
DUK,Duke Energy Corp.,98.07,0.038431797,70708.91067,20.29,0.77100484,0.184319922
DVA,"DaVita, Inc.",87.145,N/A,11337.912,16.18,N/A,0.907216355
DVN,Devon Energy Corp.,23.345,0.015418502,8784.9,7.24,0.108490127,1.754182876
DXC,DXC Technology Co.,31.82,0.02571339,8163.77622,-5.1,-0.131439746,2.020701571
EA,"Electronic Arts, Inc.",109.89,N/A,31586.05296,11.49,N/A,1.039729538
EBAY,"eBay, Inc.",37.275,0.015367728,29009.19164,17.64,0.265088757,1.203944525
ECL,"Ecolab, Inc.",206.745,0.008992278,58980.48728,39.07,0.347714345,0.775727036
ED,"Consolidated Edison, Inc.",92.82,0.031498176,30975.8274,21.81,0.689549854,0.14744388
EFX,"Equifax, Inc.",154.43,0.010175461,18563.23473,-48.71,-0.492098041,1.033821837
EIX,Edison International,77.63,0.031410256,27970.878,-79.71,-2.515658692,0.321577876
EL,"The Estée Lauder Companies, Inc.",213.67,0.008435802,75487.343,41.41,0.343009961,1.098811411
EMN,Eastman Chemical Co.,75.62,0.033916555,10104.8,13.72,0.457217505,1.531939528
EMR,Emerson Electric Co.,75.24,0.02668292,45103.70679,21.29,0.557378904,1.406535956
EOG,"EOG Resources, Inc.",75.36,0.013571333,43510.12956,14.55,0.195911907,1.354866695
EQIX,"Equinix, Inc.",623.21,0.015743925,52324.63603,105.07,1.628565648,0.50475331
EQR,Equity Residential,84.93,0.026772025,31513.98409,31.9,0.852678236,0.338344356
ES,Eversource Energy,91.51,0.02314104,29520.52798,32.88,0.75814739,0.099679709
ESS,"Essex Property Trust, Inc.",319.59,0.024541422,21006.02036,47.91,1.169257521,0.404951779
ETFC,E*TRADE Financial Corp.,44.295,0.012750455,9777.55824,11.53,0.145738452,1.610556001
ETN,Eaton Corp. Plc,104.08,0.027431662,42799.302,19.73,0.538337598,1.401248992
ETR,Entergy Corp.,131.975,0.027391075,26458.66478,32.64,0.900187951,0.122905483
EVRG,"Evergy, Inc.",70.81,0.026821005,16144.64852,27.22,0.730347876,0.063508141
EW,Edwards Lifesciences Corp.,225.665,N/A,48210.9555,44.94,N/A,1.04832069
EXC,Exelon Corp.,49.505,0.029033239,47963.85806,20.78,0.601309659,0.308502891
EXPD,"Expeditors International of Washington, Inc.",73.535,0.012985238,12459.22116,19.94,0.257606161,1.054709177
EXPE,"Expedia Group, Inc.",110.56,0.011904762,15821.5512,32.34,0.380205896,0.812051907
EXR,"Extra Space Storage, Inc.",111.655,0.031555356,15119.07884,34.85,1.098661007,0.122352005
F,Ford Motor Co.,8.25,0.074074074,32116.905,281.57,20.4778157,0.944462497
FANG,"Diamondback Energy, Inc.",74.18,0.008619501,11684.40642,10.68,0.089992801,1.378962009
FAST,Fastenal Co.,38.25,0.023003702,21713.55878,27.72,0.630526163,1.434560025
FB,"Facebook, Inc.",210.775,N/A,590646.8925,32.54,N/A,1.160487517
FBHS,"Fortune Brands Home & Security, Inc.",72.38,0.012159735,10070.35787,N/A,N/A,1.340395848
FCX,"Freeport-McMoRan, Inc.",12.7,0.016129032,17991.284,-73.75,-1.161440186,1.850755446
FDX,FedEx Corp.,158.74,0.016455696,41256.802,549.27,8.996539792,1.480932051
FE,FirstEnergy Corp.,51.535,0.029491657,27868.39956,32.37,0.954593984,0.301274334
FFIV,"F5 Networks, Inc.",126.78,N/A,7666.65027,19.28,N/A,1.167467839
FIS,"Fidelity National Information Services, Inc.",148.37,0.009163267,91888.846,68.95,0.6366171,0.874578462
FISV,"Fiserv, Inc.",119.47,N/A,82070.12545,N/A,N/A,1.018760684
FITB,Fifth Third Bancorp,29.575,0.031853609,20922.59,8.68,0.275845878,1.28148745
FLIR,"FLIR Systems, Inc.",58.145,0.011875222,7568.91226,29.42,0.339017356,1.256691471
FLS,Flowserve Corp.,48.17,0.015979815,6223.7016,25.54,0.402969247,1.686106221
FLT,"FleetCor Technologies, Inc.",316.55,N/A,26946.79965,30.56,N/A,1.114893651
FMC,FMC Corp.,106.285,0.015581948,13641.97875,28.76,0.443746956,1.265835598
FOX,Fox Corp.,37.075,0.012564873,22368.08763,12.93,0.160396109,-0.07749395
FOXA,Fox Corp.,37.58,0.012388904,22685.79879,13.1,0.160396109,0.118095938
FRC,"First Republic Bank (San Francisco, California)",117.85,0.006400956,20054.58286,22.46,0.142911585,1.104039187
FRT,Federal Realty Investment Trust,123.75,0.033145161,9440.440416,36.76,1.220852517,0.451555719
FTI,TechnipFMC Plc,17.565,0.029885057,7778.931,-3.51,-0.103962573,1.408267484
FTNT,"Fortinet, Inc.",117.56,N/A,20065.70888,61.61,N/A,1.355811524
FTV,Fortive Corp.,78.99,0.003526448,26678.4,39.6,0.140371986,1.195269757
GD,General Dynamics Corp.,188.2,0.021825185,54139.6934,15.57,0.33752761,1.024479753
GE,General Electric Co.,13.12,0.00311284,112226.1175,575.44,1.754385965,1.479580974
GILD,"Gilead Sciences, Inc.",66.81,0.037190083,85784.16,15.76,0.594592044,0.855172171
GIS,"General Mills, Inc.",52.915,0.037149356,31910.14492,15.12,0.560032002,0.37742955
GL,"Globe Life, Inc.",109.505,0.006304825,11851.03872,15.72,0.09907103,0.974034882
GLW,"Corning, Inc.",28.76,0.02853067,21366.48,25.97,0.7224781,1.383149772
GM,General Motors Co.,35.415,0.043416167,50021.5878,7.65,0.328322101,1.201154751
GOOG,"Alphabet, Inc.",1519.09,N/A,1037015.627,30.62,N/A,1.16181353
GOOGL,"Alphabet, Inc.",1518.57,N/A,1037888.518,30.61,N/A,1.155527283
GPC,Genuine Parts Co.,96.47,0.031423049,13905.99303,17.63,0.54959614,0.968772732
GPN,"Global Payments, Inc.",201.9,0.00019687,61065.34264,80.86,0.016020506,1.102619748
GPS,"Gap, Inc.",18.385,0.055019853,6581.26137,8.59,0.453038158,1.562513693
GRMN,Garmin Ltd.,97.465,0.02243982,18637.69812,23.61,0.532868285,0.848504771
GS,"The Goldman Sachs Group, Inc.",238.675,0.017550537,83727.41202,11.25,0.195594182,1.322873265
GWW,"W.W. Grainger, Inc.",311.55,0.018878585,16153.10856,20.19,0.368173716,1.139868848
HAL,Halliburton Co.,22.29,0.033133916,19074.68092,-17.33,-0.559875583,1.434969813
HAS,"Hasbro, Inc.",97.66,0.026673327,13696.9833,47.15,1.289107764,1.335431012
HBAN,"Huntington Bancshares, Inc.",14.04,0.041339986,14310.6,10.91,0.450765524,1.270295506
HBI,"Hanesbrands, Inc.",14.765,0.041811847,5190.35195,8.88,0.36098911,1.342439058
HCA,"HCA Healthcare, Inc.",150.43,0.010698048,50727.46168,N/A,N/A,1.000045746
HCP,"Healthpeak Properties, Inc.",35.78,0.04136389,17708.73852,20.36,0.842009444,0.253033233
HD,"The Home Depot, Inc.",241.36,0.021147161,263588.1612,23.89,0.505805379,0.867311812
HES,Hess Corp.,58.585,0.017806268,17112.28896,N/A,N/A,1.350359179
HFC,HollyFrontier Corp.,44.57,0.029696288,7173.7855,8.81,0.260988196,1.255457728
HIG,"The Hartford Financial Services Group, Inc.",59.285,0.020174849,21389.008,10.36,0.209731544,0.683237122
HII,"Huntington Ingalls Industries, Inc.",268.125,0.012832469,10964.17023,18.34,0.23533275,0.998962078
HLT,"Hilton Worldwide Holdings, Inc.",113.755,0.005312555,31867.48922,35.47,0.187084905,1.060498561
HOG,"Harley-Davidson, Inc.",34.475,0.043885313,5273.70056,12.88,0.560412464,1.391817872
HOLX,"Hologic, Inc.",52.755,N/A,14068.22586,56.95,N/A,0.866788474
HON,"Honeywell International, Inc.",181.18,0.018755233,128008.587,21.26,0.394259766,1.137854367
HP,"Helmerich & Payne, Inc.",45.235,0.064428312,4799.34224,-198.92,-12.48900616,1.249159654
HPE,Hewlett-Packard Enterprise Co.,15.065,0.030262273,19225.8691,19.24,0.574565884,1.469228268
HPQ,"HP, Inc.",22.455,0.028825911,32304.4137,10.78,0.307647991,1.228987852
HRB,"H&R Block, Inc.",22.235,0.046300499,4301.26938,11.02,0.505350773,0.475666986
HRL,Hormel Foods Corp.,47.705,0.01769166,25389.31276,26.04,0.458590381,0.408423609
HSIC,"Henry Schein, Inc.",71.895,N/A,10402.3986,21.56,N/A,0.68592569
HST,"Host Hotels & Resorts, Inc.",17.165,0.047253396,12141.82354,11.04,0.514601827,0.957454807
HSY,The Hershey Co.,157.975,0.018966064,23380.7562,28.03,0.530471037,0.181487476
HUM,"Humana, Inc.",373.09,0.006019543,47183.94285,19.73,0.113706078,0.880372849
IBM,International Business Machines Corp.,155.275,0.041894709,135927.5668,14.61,0.604823538,1.013935625
ICE,"Intercontinental Exchange, Inc.",94.56,0.011608274,52767.106,27.47,0.319572354,0.419216341
IDXX,"IDEXX Laboratories, Inc.",282.72,N/A,24309.18654,56.93,N/A,1.100033791
IEX,IDEX Corp.,176.88,0.011360409,13390.363,31.42,0.355265028,1.082802163
IFF,"International Flavors & Fragrances, Inc.",139.43,0.021307436,14733.64238,40.73,0.858770264,0.745865695
ILMN,"Illumina, Inc.",292.49,N/A,43512,42.91,N/A,1.194033985
INCY,Incyte Corp.,75.42,N/A,16400.32758,39.97,N/A,0.901632735
INFO,IHS Markit Ltd.,80.56,0.002108658,31679.54838,63.94,0.134920635,0.860949693
INTC,Intel Corp.,67.435,0.018691589,288312.57,14.1,0.2634385,1.252844842
INTU,"Intuit, Inc.",298.14,0.006533746,77290.35444,49.04,0.319120937,1.19397468
IP,International Paper Co.,44.565,0.045357223,17398.18692,14.38,0.649193548,1.330820155
IPG,"Interpublic Group of Cos., Inc.",25.015,0.039354839,9014.769,14.74,0.539155029,0.910777795
IPGP,IPG Photonics Corp.,147.53,N/A,7469.6025,30.1,N/A,2.295367816
IQV,"IQVIA Holdings, Inc.",165.76,N/A,31375.9446,133.76,N/A,1.015209122
IR,Ingersoll-Rand Plc,145.33,0.014685508,34403.44212,N/A,N/A,1.020285362
IRM,"Iron Mountain, Inc.",31.725,0.076879522,9128.27597,27.25,2.09947599,0.415579079
ISRG,"Intuitive Surgical, Inc.",592.59,N/A,67936.70868,49.59,N/A,1.322748745
IT,"Gartner, Inc.",152.515,N/A,13604.01224,58.74,N/A,0.953638157
ITW,"Illinois Tool Works, Inc.",189.25,0.022123657,60144.70478,24.31,0.531757755,1.349721891
IVZ,Invesco Ltd.,18.695,0.065113817,8574.05766,14.46,0.951570478,1.584993114
JBHT,"J.B. Hunt Transport Services, Inc.",114.095,0.009251846,11939.40333,N/A,N/A,1.002805309
JCI,Johnson Controls International Plc,41.77,0.025515211,31133.58852,104.5,2.601951464,0.782241689
JEC,"Jacobs Engineering Group, Inc.",85.84,0.007921715,11438.09416,-127.72,-1.011754203,0.975719781
JKHY,"Jack Henry & Associates, Inc.",168.665,0.009517012,12934.64844,46.11,0.437385528,0.89816893
JNJ,Johnson & Johnson,151.08,0.024672676,400017.9213,N/A,N/A,0.48308258
JNPR,"Juniper Networks, Inc.",24.465,0.031058439,8190.28029,24.13,0.749654764,1.070805721
JPM,JPMorgan Chase & Co.,138.045,0.024637681,432835.62,12.84,0.316329094,1.134917101
JWN,"Nordstrom, Inc.",39.3,0.038451546,5975.68797,11.34,0.427116101,1.378886136
K,Kellogg Co.,66.34,0.034102912,22604.29938,23.61,0.804384966,0.418937203
KEY,KeyCorp,19.74,0.036040609,19250.6233,12.11,0.435743218,1.357145216
KEYS,"Keysight Technologies, Inc.",98.27,N/A,18088.21875,29.67,N/A,1.837924643
KHC,The Kraft Heinz Co.,30.095,0.060813062,36647.0116,-3.38,-0.204924936,0.340768902
KIM,Kimco Realty Corp.,18.695,0.058577406,8256.3028,23.25,1.392861584,0.515878732
KLAC,KLA Corp.,175.22,0.017914933,27304.67376,24.36,0.430998526,1.6430058
KMB,Kimberly-Clark Corp.,144.225,0.028364888,49792.5715,22.96,0.65587341,0.435787937
KMI,"Kinder Morgan, Inc.",21.81,0.044268406,48606.2562,22.63,0.98588626,0.739391287
KMX,"CarMax, Inc.",98.21,N/A,16148.9734,18.86,N/A,0.938454909
KO,The Coca-Cola Co.,59.445,0.026850143,255045.2,28.49,0.766907923,0.454105274
KR,The Kroger Co.,28.795,0.021097046,22768.69428,14.49,0.302023558,0.608891838
KSS,Kohl's Corp.,45.385,0.058955896,6957.88192,10.39,0.599775656,1.309852794
KSU,Kansas City Southern,171.3,0.008693609,16368.72922,31.55,0.2726201,1.080923718
L,Loews Corp.,53.99,0.004568713,15923.52,17.63,0.081637985,1.003564938
LB,"L Brands, Inc.",24.8,0.061000407,6798.52025,18.53,1.120573734,1.603026887
LDOS,"Leidos Holdings, Inc.",110.465,0.011592652,15874.98696,23.79,0.279931094,0.961758548
LEG,"Leggett & Platt, Inc.",45.845,0.034740545,5994.264,18.52,0.638229116,1.193439807
LEN,Lennar Corp.,70.21,0.00224656,22495.40676,12.16,0.027714266,0.43773394
LH,Laboratory Corp. of America Holdings,187.875,N/A,18072.252,24.53,N/A,0.796598287
LHX,"L3Harris Technologies, Inc.",228.195,0.012587719,50402.82,28.38,0.356974054,0.411059917
LIN,Linde Plc,216.91,0.015955971,116148.1947,22.18,0.352742702,0.861041162
LKQ,LKQ Corp.,33.605,N/A,10290.99396,23.74,N/A,1.094342724
LLY,Eli Lilly & Co.,143.78,0.017885615,138498.8968,N/A,N/A,0.66324386
LMT,Lockheed Martin Corp.,436.28,0.020461521,124068.9294,19.75,0.407437085,0.657556175
LNC,Lincoln National Corp.,61.32,0.024938068,12008.94205,13.92,0.342893476,1.807378546
LNT,Alliant Energy Corp.,58.705,0.023976708,14283.82892,26.28,0.626706657,0.106127797
LOW,"Lowe's Cos., Inc.",124.67,0.016743884,94299.41925,32.95,0.544426238,1.072180347
LRCX,Lam Research Corp.,334.54,0.013817668,47400.61716,23.78,0.319808967,1.74354612
LUV,Southwest Airlines Co.,58.53,0.012083549,29966.95728,13.66,0.16336056,0.94384475
LVS,Las Vegas Sands Corp.,70.93,0.044734931,52879.34745,20.26,0.879773772,1.562780664
LW,"Lamb Weston Holdings, Inc.",94.84,0.008409545,13897.73196,27.34,0.230580775,0.179936834
LYB,LyondellBasell Industries NV,85.485,0.049422413,27962.01,N/A,N/A,1.46124036
M,"Macy's, Inc.",16.985,0.092298289,5054.6674,5.44,0.483432047,1.376141274
MA,"Mastercard, Inc.",333.72,0.004200411,333236.44,41.78,0.174034982,1.267515597
MAA,"Mid-America Apartment Communities, Inc.",142.3,0.027335494,16793.48916,46.32,1.263103067,0.345576977
MAC,Macerich Co.,23.225,0.123813454,3675.212167,30.44,3.931332722,0.923828118
MAR,"Marriott International, Inc.",149.735,0.012093213,48121.85703,35.74,0.424912272,1.227688372
MAS,Masco Corp.,47.005,0.010414475,13503.273,18.49,0.194743882,1.187313241
MCD,McDonald's Corp.,216.74,0.021925555,162464.7529,N/A,N/A,0.477677299
MCHP,"Microchip Technology, Inc.",109.72,0.01343928,26076.10668,40.53,0.540370835,1.89675218
MCK,McKesson Corp.,168.07,0.009717583,29156.38665,-34.53,-0.328710837,0.906595423
MCO,Moody's Corp.,276.01,0.007158936,51162.912,39.9,0.280452193,1.152143744
MDLZ,"Mondelez International, Inc.",58.915,0.018515373,84762.2034,22,0.407035364,0.579477163
MDT,Medtronic Plc,116.65,0.017486339,159438.201,33.5,0.597409312,0.640034114
MET,"MetLife, Inc.",52.605,0.033212445,48179.46809,8.64,0.28578937,1.237494281
MGM,MGM Resorts International,33.685,0.015591562,16845.12664,2532.71,38.34586466,1.38673608
MHK,"Mohawk Industries, Inc.",133.065,N/A,9185.5215,13.72,N/A,1.091506947
MKC,"McCormick & Co., Inc.",165.08,0.013966309,21698.04725,31.16,0.430326709,0.181788363
MKTX,"MarketAxess Holdings, Inc.",335.985,0.005960033,12980.62672,60.81,0.369197358,0.508407552
MLM,"Martin Marietta Materials, Inc.",260.33,0.007573451,16422.76276,28.36,0.216768515,0.565501486
MMC,"Marsh & McLennan Cos., Inc.",118.57,0.015065595,59547.6,34.32,0.515255022,0.87507077
MMM,3M Co.,164.29,0.035457064,93438.80325,20.75,0.727520746,1.112762782
MNST,Monster Beverage Corp.,69.295,N/A,37180.7103,34.66,N/A,0.885144995
MO,"Altria Group, Inc.",45.37,0.071977178,84668.1486,N/A,N/A,0.538095511
MOS,The Mosaic Co.,20.395,0.007451565,7650.32598,-231.5,-1.70261067,1.508730535
MPC,Marathon Petroleum Corp.,58.6,0.037350247,36837.24,14.6,0.528269916,1.417744962
MRK,"Merck & Co., Inc.",83.005,0.026510264,217044.795,N/A,N/A,0.593793436
MRO,Marathon Oil Corp.,11.615,0.017286085,9255.17853,10.69,0.184043434,1.559319719
MS,Morgan Stanley,56.165,0.023305844,90285.508,10.67,0.247068438,1.452767714
MSCI,"MSCI, Inc.",309.465,0.008301216,25742.736,46.45,0.378270463,1.426198182
MSFT,Microsoft Corp.,183.915,0.010518326,1402859.862,31.72,0.334569285,1.276610121
MSI,"Motorola Solutions, Inc.",184.455,0.012739889,31604.63856,35.43,0.451445586,0.7475749
MTB,M&T Bank Corp.,169.84,0.024208786,22120.18768,12.34,0.297891509,1.048013533
MTD,"Mettler-Toledo International, Inc.",776.55,N/A,18996.276,33.93,N/A,1.280639634
MU,"Micron Technology, Inc.",59.325,N/A,63597.3075,18.74,N/A,2.06595405
MXIM,"Maxim Integrated Products, Inc.",64.195,0.029513344,17160.3978,22.26,0.651827196,1.614012425
MYL,Mylan NV,22.21,N/A,11535.57255,252.96,N/A,1.871955114
NBL,"Noble Energy, Inc.",19.575,0.023115578,9518.1302,-8.29,-0.194898737,1.450728021
NCLH,Norwegian Cruise Line Holdings Ltd.,54.03,N/A,11167.66742,12.13,N/A,1.022293996
NDAQ,"Nasdaq, Inc.",114.065,0.016114983,18817.442,24.34,0.394843557,0.767918229
NEE,"NextEra Energy, Inc.",271,0.018372221,133020.3884,N/A,N/A,0.063009936
NEM,Newmont Corp.,43.925,0.012663953,36253.28058,15.74,0.200709652,-0.247787801
NFLX,"Netflix, Inc.",379.535,N/A,163977.7878,88.95,N/A,1.297202132
NI,"NiSource, Inc.",29.84,0.026561978,11180.17192,24.18,0.64419415,0.322000703
NKE,"NIKE, Inc.",102.51,0.00904819,155767.1472,35.11,0.310005823,1.174406784
NLSN,Nielsen Holdings Plc,21.985,0.065328978,7625.0083,-6.22,-0.395849238,0.917046991
NOC,Northrop Grumman Corp.,364.325,0.014020215,61697.12148,27.54,0.390002041,0.655448731
NOV,"National Oilwell Varco, Inc.",23.87,0.008572653,9001.46056,-1.5,-0.012534077,1.380319678
NRG,"NRG Energy, Inc.",39.385,0.003089598,9771.91096,17.13,0.052189797,0.683120909
NSC,Norfolk Southern Corp.,211.6,0.017210881,54540.44999,20.52,0.349077369,1.139795767
NTAP,"NetApp, Inc.",60.5,0.029790115,13483.59208,14.84,0.431658205,1.675034231
NTRS,Northern Trust Corp.,102.395,0.025269706,21576.95901,15.37,0.390191194,1.410992987
NUE,Nucor Corp.,48.14,0.0331506,14589.59208,11.63,0.387058596,1.30921304
NVDA,NVIDIA Corp.,271.1,0.00238904,163948.68,68.47,0.161644735,2.164243424
NVR,"NVR, Inc.",3957.21,N/A,14465.18155,16.41,N/A,0.365326253
NWL,"Newell Brands, Inc.",19.845,0.045612295,8539.978,-10.32,-0.478643151,1.042660647
NWS,News Corp.,14.795,0.013812155,8518.09168,-47.34,-0.64,0.99755261
NWSA,News Corp.,14.395,0.014154282,8312.19858,-46.06,-0.64,1.020592277
O,Realty Income Corp.,78.335,0.034284443,25642.5988,60.92,2.097915695,0.266279934
OKE,"ONEOK, Inc.",76.18,0.045693969,31369.6749,25.14,1.145214521,0.832308466
OMC,"Omnicom Group, Inc.",78.96,0.032996894,16826.32896,13.22,0.426806816,0.7632703
ORCL,Oracle Corp.,55.56,0.016500453,176901.8975,17.17,0.281176616,1.097181776
ORLY,"O'Reilly Automotive, Inc.",391.21,N/A,29488.85184,21.64,N/A,0.710532274
OXY,Occidental Petroleum Corp.,42.365,0.076026233,36777.86089,27.51,2.032467532,0.906996309
PAYX,"Paychex, Inc.",87.87,0.027562642,31466.2908,29.3,0.806881835,0.942834132
PBCT,"People's United Financial, Inc.",16.215,0.043780941,7177.04384,12.7,0.554076278,1.148303748
PCAR,"PACCAR, Inc.",76.455,0.01691779,26201.058,11.11,0.185941109,1.249772404
PEG,"Public Service Enterprise Group, Inc.",58.29,0.0321688,29241.07732,20.24,0.645923045,0.321650886
PEP,"PepsiCo, Inc.",145.82,0.025773549,203698.3344,16.54,0.426957883,0.510134859
PFE,Pfizer Inc.,37.76,0.03833027,210794.6308,12.94,0.500154157,0.621169356
PFG,"Principal Financial Group, Inc.",56.55,0.038516152,15583.644,11.9,0.456534545,1.492438774
PG,Procter & Gamble Co.,123.27,0.02379913,306606.912,67.4,1.615758968,0.494250806
PGR,Progressive Corp.,83.01,0.032440832,48907.636,15.42,0.504292244,0.905717715
PH,Parker-Hannifin Corp.,213.97,0.016018846,27245.04675,20.1,0.319443792,1.613480745
PHM,"PulteGroup, Inc.",46.645,0.009578544,12683.4255,12.69,0.122452312,0.458000828
PKG,Packaging Corporation of America,102.43,0.03079922,9711.9108,13.9,0.428904935,1.072965981
PKI,"PerkinElmer, Inc. (United States)",96.28,0.002920926,10650.14186,N/A,N/A,1.246600159
PLD,"Prologis, Inc.",96.89,0.022035131,72039.06549,38.99,0.853118712,0.664346087
PM,"Philip Morris International, Inc.",88.28,0.051654741,139160.5904,19.16,1.002517143,0.60764554
PNC,"The PNC Financial Services Group, Inc.",155.14,0.027133536,67024.07,N/A,N/A,1.082112202
PNR,Pentair Plc,44.665,0.016263836,7441.47711,21.24,0.342433178,1.403678548
PNW,Pinnacle West Capital Corp.,98.625,0.02991583,11084.84871,22.15,0.662668194,0.170274709
PPG,"PPG Industries, Inc.",122.21,0.016236162,28836.66285,23.29,0.377416034,1.039828682
PPL,PPL Corp.,36.41,0.045548797,26152.10361,14.6,0.660611893,0.396569828
PRGO,Perrigo Co. Plc,59.97,0.01332445,8172.0444,33.07,0.441184581,0.901690704
PRU,"Prudential Financial, Inc.",96.29,0.041723167,38539.74,9.38,0.389586357,1.464514405
PSA,Public Storage,225.9,0.035341933,39540.5648,26.65,0.943930527,0.069420114
PSX,Phillips 66,91.005,0.038772571,39809.07,13.36,0.513799178,1.068610928
PVH,PVH Corp.,89.395,0.001740947,6286.087128,10.39,0.017426865,1.641674732
PWR,"Quanta Services, Inc.",40.84,0.003982081,5718.826753,17.53,0.068663634,1.164189965
PXD,Pioneer Natural Resources Co.,137.56,0.006758246,22549.52611,31.89,0.213283876,1.499780022
PYPL,"PayPal Holdings, Inc.",118.545,N/A,139393.378,56.58,N/A,1.302889045
QCOM,"QUALCOMM, Inc.",92.05,0.027555556,102809.7,25.92,0.698335821,1.433366359
QRVO,"Qorvo, Inc.",112.14,N/A,12562.23415,38.14,N/A,1.619242453
RCL,Royal Caribbean Cruises Ltd.,116.71,0.026180789,23607.04106,13.01,0.330007247,1.135596527
RE,Everest Re Group Ltd.,287.85,0.019716088,11893.66248,11.56,0.23098492,0.498510112
REG,Regency Centers Corp.,62.59,0.036871508,10519.80596,37.71,1.391650099,0.464275477
REGN,"Regeneron Pharmaceuticals, Inc.",406.605,N/A,43650.4231,20.99,N/A,1.039763793
RF,Regions Financial Corp.,16.46,0.035953687,15829.72599,10.89,0.390469887,1.362450891
RHI,"Robert Half International, Inc.",61.01,0.02065978,7056.01122,15.53,0.315553746,1.236480633
RJF,"Raymond James Financial, Inc.",97.235,0.014404145,13403.85,12.92,0.18470779,1.353661973
RL,Ralph Lauren Corp.,123.13,0.022326992,8878.707866,14.08,0.307346584,1.374616338
RMD,"ResMed, Inc.",173.305,0.008718096,25213.97395,54.77,0.480328646,0.944263462
ROK,"Rockwell Automation, Inc.",205.215,0.019268484,23696.88864,26.04,0.498749952,1.481989827
ROL,"Rollins, Inc.",39.85,0.011898734,12933.959,64.17,0.7568438,0.751736721
ROP,"Roper Technologies, Inc.",391.5,0.00487467,40558.68666,23.02,0.111718704,0.991262072
ROST,"Ross Stores, Inc.",120,0.008270677,42958.1754,26.34,0.217305413,1.060647862
RSG,"Republic Services, Inc.",98.54,0.015604284,31292.16725,29.25,0.454167656,0.39929138
RTN,Raytheon Co.,228.61,0.016440626,63858.01949,19.14,0.315676653,0.710149418
SBAC,SBA Communications Corp.,290.045,0.001302817,31978.684,241.34,0.307871526,0.396030067
SBUX,Starbucks Corp.,88.61,0.017026626,102710.487,28.6,0.480939931,0.842602174
SCHW,The Charles Schwab Corp.,47.85,0.014264737,61235.9286,17.83,0.253372084,1.426718077
SEE,Sealed Air Corp.,36.07,0.017797553,5556.39536,15.18,0.269326264,0.793498381
SHW,The Sherwin-Williams Co.,580.02,0.007833079,53265.98536,34.55,0.2692255,0.880255541
SIVB,SVB Financial Group,265.53,N/A,13618.58784,12.13,N/A,1.916190915
SJM,The J. M. Smucker Co.,109.75,0.031380374,12575.81456,22.38,0.705690394,0.302130896
SLB,Schlumberger NV,34.87,0.058326043,47475.1908,-4.76,-0.273291246,1.410392326
SLG,SL Green Realty Corp.,95.12,0.036314621,7894.552721,30.85,1.114138367,0.576380887
SNA,"Snap-On, Inc.",156.685,0.025270062,8529.64992,12.45,0.312331119,1.125007839
SNPS,"Synopsys, Inc.",159.275,N/A,23817.6477,44.74,N/A,1.421372154
SO,The Southern Co.,68.86,0.035573699,71932.3907,15.66,0.554949054,0.103088098
SPG,"Simon Property Group, Inc.",138.67,0.058417793,95771.48824,20.5,1.226903178,0.58628594
SPGI,"S&P Global, Inc.",303.905,0.007751938,71882.928,35.13,0.26355944,0.988281183
SRE,Sempra Energy,158.98,0.023949924,44697.42976,17.72,0.423162211,0.273667802
STI,"SunTrust Banks, Inc.",69.26,N/A,31140,12.8,N/A,N/A
STT,State Street Corp.,80.47,0.02481825,28512.49442,13.82,0.340147741,1.28367853
STX,Seagate Technology Plc,56.16,0.045560538,14548.297,9.01,0.407436519,1.399054177
STZ,"Constellation Brands, Inc.",199.465,0.014954486,38318.1765,45.22,0.677804729,0.750274043
SWK,"Stanley Black & Decker, Inc.",168.485,0.016311243,25162.54636,26.14,0.418948904,1.692802753
SWKS,"Skyworks Solutions, Inc.",122.92,0.013761853,20277.37135,25.57,0.341176226,1.748214929
SYF,Synchrony Financial,33.525,0.02580258,21537.61269,6.01,0.154185417,1.285224751
SYK,Stryker Corp.,216.86,0.009787293,81671.616,38.94,0.383358472,0.846278654
SYMC,Symantec Corp.,23.75,0.012631579,14678.26,128.59,1.62425555,1.244058887
SYY,Sysco Corp.,77.2,0.02124033,38783.98143,21.84,0.458209588,0.417652563
T,"AT&T, Inc.",38.235,0.0537071,276923.35,20.1,1.077812829,0.578945178
TAP,Molson Coors Beverage Co.,56.075,0.031007752,12556.7955,78.75,2.527734869,0.755089006
TDG,"TransDigm Group, Inc.",648.225,0.09614645,34886.8834,50.4,4.859388728,1.046198351
TEL,TE Connectivity Ltd.,94.83,0.019475655,31225.5699,20.18,0.387209327,1.255244451
TFX,"Teleflex, Inc.",377.28,0.003590001,17538.31368,39.24,0.141467728,0.900829707
TGT,Target Corp.,118.34,0.022281258,59131.14053,18.75,0.411985612,0.744826964
TIF,Tiffany & Co.,134.34,0.016831757,16264.39364,29.93,0.503508967,1.268872007
TJX,"The TJX Cos., Inc.",63.155,0.014169068,75743.3682,24.45,0.342558545,1.020878338
TMO,"Thermo Fisher Scientific, Inc.",335.11,0.002249985,135446.74,36.26,0.082237732,1.15910673
TMUS,"T-Mobile US, Inc.",95.985,N/A,80971.59917,23.64,N/A,0.804690871
TPR,"Tapestry, Inc.",29.23,0.047235829,7886.25088,14.1,0.651292937,1.666990832
TRIP,"TripAdvisor, Inc.",30.295,0.117410265,4155.27549,35.98,4.157263333,1.455843117
TROW,"T. Rowe Price Group, Inc.",138.355,0.02193204,32601.072,15.68,0.344632128,1.405683581
TRV,"The Travelers Cos., Inc.",135.93,0.023511428,35100.59,13.54,0.321850992,0.680488104
TSCO,Tractor Supply Co.,98.55,0.013938711,11550.92202,20.97,0.289380173,0.925892423
TSN,"Tyson Foods, Inc.",80.63,0.019632053,23921.61135,14.16,0.27927564,0.44761075
TTWO,"Take-Two Interactive Software, Inc.",114.9,N/A,12747.72336,38.43,N/A,1.087862431
TWTR,"Twitter, Inc.",36.865,N/A,27677.12705,19.34,N/A,1.416801752
TXN,Texas Instruments Incorporated,132.695,0.024560061,121816.5824,24.89,0.602104552,1.446347511
TXT,"Textron, Inc.",49.42,0.001616162,11299.0185,N/A,N/A,1.573362843
UA,"Under Armour, Inc.",15.81,N/A,6827.67792,63.85,N/A,1.345992751
UAA,"Under Armour, Inc.",17.385,N/A,7491.47994,70.21,N/A,1.331951278
UAL,"United Airlines Holdings, Inc.",82.065,N/A,20377.63332,N/A,N/A,1.245313539
UDR,"UDR, Inc.",49.305,0.027294784,23592.69989,82.37,2.255262279,0.35040458
UHS,"Universal Health Services, Inc.",140.705,0.00352908,12408.7294,17.47,0.062079412,0.694098902
ULTA,"Ulta Beauty, Inc.",298.87,N/A,16792.84671,25.02,N/A,0.91103419
UNH,"UnitedHealth Group, Inc.",301.51,0.014237078,275498.8079,N/A,N/A,0.791909625
UNM,Unum Group,30.165,0.036762226,6017.08205,5.75,0.207864526,1.567146413
UNP,Union Pacific Corp.,185.01,0.020185488,127246.86,21.97,0.439403836,1.189678087
UPS,"United Parcel Service, Inc.",106.07,0.036616764,89873.59,20.67,0.748158828,1.112800071
URI,"United Rentals, Inc.",158.99,N/A,11457.54578,10.42,N/A,2.158114576
USB,U.S. Bancorp,54.85,0.028763881,84262.62,13.19,0.379999519,0.954148816
UTX,United Technologies Corp.,154.4,0.018937198,133995.9645,23.84,0.453857791,1.239785352
V,"Visa, Inc.",207.39,0.005148573,400134.3588,37.79,0.19133699,1.065110698
VAR,"Varian Medical Systems, Inc.",147.52,N/A,13222.71405,45.41,N/A,0.961077471
VFC,VF Corp.,83.5,0.023264224,32745.9712,25.65,0.592770048,1.148209005
VIAB,Viacom Inc.,23.47,N/A,9860,6.3,N/A,N/A
VLO,Valero Energy Corp.,85.09,0.042735043,34593.40872,14.48,0.612515738,1.414457882
VMC,Vulcan Materials Co.,145.325,0.008391123,19085.591,32,0.266449397,0.547966011
VNO,Vornado Realty Trust,67.39,0.038873995,12813.669,4.28,0.165686934,0.643133764
VRSK,"Verisk Analytics, Inc.",168.97,0.004467211,27512.1343,59.68,0.264914697,0.691996037
VRSN,"VeriSign, Inc.",208.08,N/A,24005.44414,40.26,N/A,1.133813391
VRTX,"Vertex Pharmaceuticals, Inc.",241.95,N/A,64181.05533,52.85,N/A,0.998042091
VTR,"Ventas, Inc.",58.76,0.054318026,21752.87296,43.91,2.368853684,0.184693124
VZ,"Verizon Communications, Inc.",58.475,0.04148918,242741.84,12.56,0.523059738,0.337303392
WAB,Westinghouse Air Brake Technologies Corp.,78.785,0.006183973,14878.35684,56.97,0.347121782,1.434161387
WAT,Waters Corp.,224.155,N/A,14383.04677,25.34,N/A,0.935002327
WBA,"Walgreens Boots Alliance, Inc.",54.015,0.033874316,46941.82738,13.24,0.439897071,0.965461735
WCG,"WellCare Health Plans, Inc.",349.92,N/A,17600.976,27.85,N/A,N/A
WDC,Western Digital Corp.,70.44,0.029019153,20497.1526,-17.36,-0.49276862,2.0931998
WEC,"WEC Energy Group, Inc.",100.75,0.023555245,31603.43265,28.02,0.656248262,0.083228994
WELL,"Welltower, Inc.",85.51,0.040989399,34448.8542,101.79,4.142364004,0.204464514
WFC,Wells Fargo & Co.,47.875,0.040008335,198409.856,11.82,0.473933649,0.987111627
WHR,Whirlpool Corp.,152.05,0.031254112,9574.74,8.18,0.25553846,1.354109476
WLTW,Willis Towers Watson Plc,212.51,0.012207719,27383.47754,26.36,0.322452624,0.938842437
WM,"Waste Management, Inc.",125.15,0.016022564,53021.64018,30.26,0.484151737,0.433423696
WMB,"The Williams Cos., Inc.",21.355,0.068933395,26022.7135,167.62,11.61695447,0.910251956
WMT,"Walmart, Inc.",116.165,0.018284229,327410.572,23.09,0.419324708,0.553026573
WRK,WestRock Co.,41.82,0.043592187,10849.98288,12.49,0.546529686,1.61796528
WU,The Western Union Co.,26.125,0.027974504,11839.78944,9.96,0.301170371,0.846191219
WY,Weyerhaeuser Co.,29.82,0.047058824,21539.17,-294.08,-13.4122288,0.984969869
WYNN,Wynn Resorts Ltd.,136.845,0.028411243,14169.78645,119.43,3.272822482,2.049384954
XEC,Cimarex Energy Co.,40.78,0.018991965,4181.3367,8.11,0.155041841,1.688148088
XEL,"Xcel Energy, Inc.",69.065,0.023491879,36161.79648,26.15,0.613264688,0.153172998
XLNX,"Xilinx, Inc.",90.84,0.016280873,22467.49273,26.23,0.424487439,1.701056429
XOM,Exxon Mobil Corp.,61.13,0.056666116,256284.02,18.24,1.023208639,0.956149677
XRAY,"Dentsply Sirona, Inc.",58.09,0.00625,12900.012,79.21,0.494273248,0.776399496
XRX,Xerox Holdings Corp.,38.52,0.013329779,7974.2509,6.29,0.081599347,1.406741558
XYL,"Xylem, Inc.",89.08,0.011004127,15710.09196,40.02,0.431266846,1.160448168
YUM,"Yum! Brands, Inc.",105.18,0.016146084,31471.1711,24.84,0.396797279,0.413935858
ZBH,"Zimmer Biomet Holdings, Inc.",159.03,0.006026744,32763.40436,28.84,0.174070716,0.867229694
ZION,Zions Bancorporation NA,46.105,0.027657736,7638.83796,10.38,0.28817795,1.24870038
ZTS,"Zoetis, Inc.",143.09,0.004554607,68601.34497,46.92,0.215117232,0.896191093
Data Provided by IEX Cloud,Certain securities may be excluded due to data limitations,,N/A,N/A,N/A,N/A,N/A
Data updated on 2020-02-12,,,N/A,N/A,N/A,N/A,N/A
